Kampania,Grupa reklam,Słowo kluczowe,Dopasowanie,Status,Uwagi
Szukaj - [miasto] 40 km,Schody i balustrady,schody metalowe na wymiar,do wyrażenia,aktywne,
Szukaj - [miasto] 40 km,Schody i balustrady,schody stalowe z drewnianymi stopniami,do wyrażenia,aktywne,
Szukaj - [miasto] 40 km,Schody i balustrady,schody na jednej belce,do wyrażenia,aktywne,
Szukaj - [miasto] 40 km,Schody i balustrady,schody na belce stalowej,do wyrażenia,aktywne,
Szukaj - [miasto] 40 km,Schody i balustrady,schody jednobelkowe,do wyrażenia,aktywne,
Szukaj - [miasto] 40 km,Schody i balustrady,schody loftowe,do wyrażenia,aktywne,
Szukaj - [miasto] 40 km,Schody i balustrady,schody metalowe [miasto],ścisłe,aktywne,wpisz nazwę miasta
Szukaj - [miasto] 40 km,Schody i balustrady,balustrada stalowa na wymiar,do wyrażenia,aktywne,
Szukaj - [miasto] 40 km,Schody i balustrady,balustrady schodowe metalowe,do wyrażenia,aktywne,
Szukaj - [miasto] 40 km,Loft - ścianki drzwi przeszklenia,ścianka loftowa,do wyrażenia,aktywne,
Szukaj - [miasto] 40 km,Loft - ścianki drzwi przeszklenia,ścianka loftowa na wymiar,do wyrażenia,aktywne,
Szukaj - [miasto] 40 km,Loft - ścianki drzwi przeszklenia,drzwi loftowe,do wyrażenia,aktywne,
Szukaj - [miasto] 40 km,Loft - ścianki drzwi przeszklenia,drzwi loftowe przesuwne,do wyrażenia,aktywne,
Szukaj - [miasto] 40 km,Loft - ścianki drzwi przeszklenia,przeszklenie loftowe,do wyrażenia,aktywne,
Szukaj - [miasto] 40 km,Loft - ścianki drzwi przeszklenia,zabudowa loftowa,do wyrażenia,aktywne,
Szukaj - [miasto] 40 km,Loft - ścianki drzwi przeszklenia,ścianka industrialna,do wyrażenia,aktywne,
Szukaj - [miasto] 40 km,Loft - ścianki drzwi przeszklenia,drzwi loftowe szkło ryflowane,do wyrażenia,aktywne,
Szukaj - [miasto] 40 km,Loft - ścianki drzwi przeszklenia,ścianka szklana w czarnej ramie,do wyrażenia,aktywne,
Szukaj - [miasto] 40 km,Loft - ścianki drzwi przeszklenia,ścianka loftowa [miasto],ścisłe,aktywne,wpisz nazwę miasta
Szukaj - [miasto] 40 km,Meble i lustra ze stali,meble metalowe na wymiar,do wyrażenia,aktywne,
Szukaj - [miasto] 40 km,Meble i lustra ze stali,meble ze stali na zamówienie,do wyrażenia,aktywne,
Szukaj - [miasto] 40 km,Meble i lustra ze stali,meble loftowe na wymiar,do wyrażenia,aktywne,
Szukaj - [miasto] 40 km,Meble i lustra ze stali,stół na wymiar metal drewno,do wyrażenia,aktywne,
Szukaj - [miasto] 40 km,Meble i lustra ze stali,stolik kawowy marmur mosiądz,do wyrażenia,aktywne,
Szukaj - [miasto] 40 km,Meble i lustra ze stali,regał metalowy na wymiar,do wyrażenia,aktywne,
Szukaj - [miasto] 40 km,Meble i lustra ze stali,lustro w metalowej ramie na wymiar,do wyrażenia,aktywne,
Szukaj - [miasto] 40 km,Meble i lustra ze stali,lustro z podświetleniem led na wymiar,do wyrażenia,aktywne,
Szukaj - [miasto] 40 km,Meble i lustra ze stali,konsola metalowa na wymiar,do wyrażenia,aktywne,
Szukaj - [miasto] 40 km,Meble i lustra ze stali,bar metalowy na wymiar,do wyrażenia,aktywne,
Szukaj - [miasto] 40 km,Wnętrza komercyjne,meble do salonu fryzjerskiego na wymiar,do wyrażenia,wstrzymane,włącz od miesiąca 4 przy wolnym budżecie
Szukaj - [miasto] 40 km,Wnętrza komercyjne,stanowisko fryzjerskie na wymiar,do wyrażenia,wstrzymane,włącz od miesiąca 4 przy wolnym budżecie
Szukaj - [miasto] 40 km,Wnętrza komercyjne,meble do restauracji na zamówienie,do wyrażenia,wstrzymane,włącz od miesiąca 4 przy wolnym budżecie
Szukaj - [miasto] 40 km,Wnętrza komercyjne,zabudowa baru na wymiar,do wyrażenia,wstrzymane,włącz od miesiąca 4 przy wolnym budżecie
Szukaj - [miasto] 40 km,Wnętrza komercyjne,meble do lokalu na wymiar,do wyrażenia,wstrzymane,włącz od miesiąca 4 przy wolnym budżecie
Szukaj - [miasto] 40 km,(wykluczenie na poziomie kampanii),tanie,wykluczające przybliżone,aktywne,
Szukaj - [miasto] 40 km,(wykluczenie na poziomie kampanii),tanio,wykluczające przybliżone,aktywne,
Szukaj - [miasto] 40 km,(wykluczenie na poziomie kampanii),tania,wykluczające przybliżone,aktywne,
Szukaj - [miasto] 40 km,(wykluczenie na poziomie kampanii),tani,wykluczające przybliżone,aktywne,
Szukaj - [miasto] 40 km,(wykluczenie na poziomie kampanii),najtańsze,wykluczające przybliżone,aktywne,
Szukaj - [miasto] 40 km,(wykluczenie na poziomie kampanii),używane,wykluczające przybliżone,aktywne,
Szukaj - [miasto] 40 km,(wykluczenie na poziomie kampanii),używany,wykluczające przybliżone,aktywne,
Szukaj - [miasto] 40 km,(wykluczenie na poziomie kampanii),używana,wykluczające przybliżone,aktywne,
Szukaj - [miasto] 40 km,(wykluczenie na poziomie kampanii),allegro,wykluczające przybliżone,aktywne,
Szukaj - [miasto] 40 km,(wykluczenie na poziomie kampanii),olx,wykluczające przybliżone,aktywne,
Szukaj - [miasto] 40 km,(wykluczenie na poziomie kampanii),ikea,wykluczające przybliżone,aktywne,
Szukaj - [miasto] 40 km,(wykluczenie na poziomie kampanii),castorama,wykluczające przybliżone,aktywne,
Szukaj - [miasto] 40 km,(wykluczenie na poziomie kampanii),leroy,wykluczające przybliżone,aktywne,
Szukaj - [miasto] 40 km,(wykluczenie na poziomie kampanii),obi,wykluczające przybliżone,aktywne,
Szukaj - [miasto] 40 km,(wykluczenie na poziomie kampanii),jysk,wykluczające przybliżone,aktywne,
Szukaj - [miasto] 40 km,(wykluczenie na poziomie kampanii),agata,wykluczające przybliżone,aktywne,
Szukaj - [miasto] 40 km,(wykluczenie na poziomie kampanii),brw,wykluczające przybliżone,aktywne,
Szukaj - [miasto] 40 km,(wykluczenie na poziomie kampanii),diy,wykluczające przybliżone,aktywne,
Szukaj - [miasto] 40 km,(wykluczenie na poziomie kampanii),jak zrobić,wykluczające do wyrażenia,aktywne,
Szukaj - [miasto] 40 km,(wykluczenie na poziomie kampanii),samemu,wykluczające przybliżone,aktywne,
Szukaj - [miasto] 40 km,(wykluczenie na poziomie kampanii),samodzielnie,wykluczające przybliżone,aktywne,
Szukaj - [miasto] 40 km,(wykluczenie na poziomie kampanii),instrukcja,wykluczające przybliżone,aktywne,
Szukaj - [miasto] 40 km,(wykluczenie na poziomie kampanii),pdf,wykluczające przybliżone,aktywne,
Szukaj - [miasto] 40 km,(wykluczenie na poziomie kampanii),rysunek,wykluczające przybliżone,aktywne,
Szukaj - [miasto] 40 km,(wykluczenie na poziomie kampanii),norma,wykluczające przybliżone,aktywne,
Szukaj - [miasto] 40 km,(wykluczenie na poziomie kampanii),praca,wykluczające przybliżone,aktywne,
Szukaj - [miasto] 40 km,(wykluczenie na poziomie kampanii),zatrudnię,wykluczające przybliżone,aktywne,
Szukaj - [miasto] 40 km,(wykluczenie na poziomie kampanii),kurs,wykluczające przybliżone,aktywne,
Szukaj - [miasto] 40 km,(wykluczenie na poziomie kampanii),szkolenie,wykluczające przybliżone,aktywne,
Szukaj - [miasto] 40 km,(wykluczenie na poziomie kampanii),darmowe,wykluczające przybliżone,aktywne,
Szukaj - [miasto] 40 km,(wykluczenie na poziomie kampanii),wynajem,wykluczające przybliżone,aktywne,
Szukaj - [miasto] 40 km,(wykluczenie na poziomie kampanii),strychowe,wykluczające przybliżone,aktywne,schody strychowe to inny produkt
Szukaj - [miasto] 40 km,(wykluczenie na poziomie kampanii),ogrodzenie,wykluczające przybliżone,aktywne,
Szukaj - [miasto] 40 km,(wykluczenie na poziomie kampanii),brama,wykluczające przybliżone,aktywne,
Szukaj - [miasto] 40 km,(wykluczenie na poziomie kampanii),furtka,wykluczające przybliżone,aktywne,
Szukaj - [miasto] 40 km,(wykluczenie na poziomie kampanii),kraty,wykluczające przybliżone,aktywne,
Szukaj - [miasto] 40 km,(wykluczenie na poziomie kampanii),hala,wykluczające przybliżone,aktywne,
Szukaj - [miasto] 40 km,(wykluczenie na poziomie kampanii),wiata,wykluczające przybliżone,aktywne,
Szukaj - [miasto] 40 km,(wykluczenie na poziomie kampanii),nogi do stołu,wykluczające do wyrażenia,do decyzji,kupujący samych nóg to zwykle tani projekt DIY
Szukaj - [miasto] 40 km,(wykluczenie na poziomie kampanii),schody drewniane,wykluczające do wyrażenia,do decyzji,zostaw jeśli chcecie łapać klientów rozważających drewno
Szukaj - [miasto] 40 km,(wykluczenie na poziomie kampanii),zewnętrzne,wykluczające przybliżone,do decyzji,wyklucz jeśli nie robicie schodów i balustrad zewnętrznych
Szukaj - [miasto] 40 km,(wykluczenie na poziomie kampanii),aluminiowe,wykluczające przybliżone,do decyzji,wyklucz jeśli nie pracujecie w aluminium
Szukaj - [miasto] 40 km,(wykluczenie na poziomie kampanii),naprawa,wykluczające przybliżone,do decyzji,wyklucz jeśli nie bierzecie napraw
